barcode,patient_ID,pool_name,mito_frac,n_umi,n_gene,finalized_major_cell_type,sex,age,hiv_status,sud_status,additional_sud_dx,cd4_nadir_tp,cd4_final_tp,race,ethnicity,od_death,tissue_loc,pmi,hiv_sud_status
AGGGCTCCAGATTAAG-1_SN25,000014,L,0.0011806375442737684,847,230,dopaminergic_neuron,f,42,neg,n,y,normal,normal,u,nhl,n,midbrain,20.0,neg_n
TTGGGTAGTGTGATGG-1_SN18,000004,G,0.0,953,273,dopaminergic_neuron,m,38,neg,n,n,normal,normal,b,nhl,n,coronal,36.0,neg_n
GTCGAATCAAGGAGTC-1_HIV-9,000010,E,0.0,730,128,dopaminergic_neuron,f,59,neg,opc,y,normal,normal,u,hl,n,midbrain,5.0,neg_y
CAATACGGTGGCAACA-1_HIV-9,000010,E,0.001709401709401417,585,211,dopaminergic_neuron,f,59,neg,opc,y,normal,normal,u,hl,n,midbrain,5.0,neg_y
AGGGCCTTCCTTATAC-1_SNr33,000016,S,0.0,693,387,dopaminergic_neuron,m,34,neg,opc,y,normal,normal,w,nhl,y,midbrain,24.5,neg_y
AGACAGGTCCGGACTG-1_SNr5,000008,T,0.0022641509433960556,1325,790,dopaminergic_neuron,m,50,neg,opc,y,normal,normal,w,hl,n,midbrain,24.0,neg_y
GTACAGTAGATACAGT-1_HIV-8,000009,D,0.0005109862033724829,1957,1167,dopaminergic_neuron,m,43,neg,opc,n,normal,normal,u,hl,n,midbrain,10.5,neg_y
GCAACCGGTCGCATGC-1_SNr32,000006,R,0.00465838509316734,1288,731,dopaminergic_neuron,m,46,neg,n,n,normal,normal,u,hl,n,midbrain,16.0,neg_n
GTGACGCTCACCCTCA-1_SN16,000001,F,0.0,314,264,dopaminergic_neuron,m,54,neg,opc,y,normal,normal,w,nhl,n,coronal,14.5,neg_y
AGCGTCGGTAGCTGTT-1_SNr32,000006,R,0.0,644,327,dopaminergic_neuron,m,46,neg,n,n,normal,normal,u,hl,n,midbrain,16.0,neg_n
TTCTAGTGTTGTAGCT-1_HIV-9,000010,E,0.011349306431272212,793,603,dopaminergic_neuron,f,59,neg,opc,y,normal,normal,u,hl,n,midbrain,5.0,neg_y
GGGTTTATCAATGCAC-1_SN26,000015,M,0.0007855459544382729,1273,496,dopaminergic_neuron,m,63,neg,opc,y,normal,normal,b,nhl,y,midbrain,24.0,neg_y
ACTTATCCAAGCTGCC-1_HIV-9,000010,E,0.0061837455830383225,1132,706,dopaminergic_neuron,f,59,neg,opc,y,normal,normal,u,hl,n,midbrain,5.0,neg_y
TTACTGTTCGCTACAA-1_SNr32,000006,R,0.0028368794326237108,705,253,dopaminergic_neuron,m,46,neg,n,n,normal,normal,u,hl,n,midbrain,16.0,neg_n
AGGACGAGTCTCCCTA-1_SN26,000016,M,0.002066115702479125,968,264,dopaminergic_neuron,m,34,neg,opc,y,normal,normal,w,nhl,y,midbrain,24.5,neg_y
GACTATGTCGCTGATA-1_SNr31,000001,Q,0.0,984,596,dopaminergic_neuron,m,54,neg,opc,y,normal,normal,w,nhl,n,coronal,14.5,neg_y
TGCATGAAGCTGTCCG-1_HIV-9,000010,E,0.00040491294371709536,7409,2964,dopaminergic_neuron,f,59,neg,opc,y,normal,normal,u,hl,n,midbrain,5.0,neg_y
GTCTGTCGTGGCTAGA-1_HIV-7,000008,C,0.0,279,107,dopaminergic_neuron,m,50,neg,opc,y,normal,normal,w,hl,n,midbrain,24.0,neg_y
TCCGTGTGTATTCTCT-1_SNr33,000015,S,0.0,993,275,dopaminergic_neuron,m,63,neg,opc,y,normal,normal,b,nhl,y,midbrain,24.0,neg_y
CCTCAGTTCAAGCGTT-1_SNr5,000008,T,0.0,568,111,dopaminergic_neuron,m,50,neg,opc,y,normal,normal,w,hl,n,midbrain,24.0,neg_y
TCATGCCCACAGAGCA-1_SNr5,000008,T,0.00010330578512396587,9680,3526,dopaminergic_neuron,m,50,neg,opc,y,normal,normal,w,hl,n,midbrain,24.0,neg_y
GGTGGCTTCTAGACAC-1_SNr32,000006,R,0.012484394506864858,801,553,dopaminergic_neuron,m,46,neg,n,n,normal,normal,u,hl,n,midbrain,16.0,neg_n
TGTGTGATCTTCTGGC-1_SNr32,000006,R,0.008073394495412547,2725,1044,dopaminergic_neuron,m,46,neg,n,n,normal,normal,u,hl,n,midbrain,16.0,neg_n
ATGGAGGCACATACTG-1_SNr33,000015,S,0.0037735849056600213,1060,600,dopaminergic_neuron,m,63,neg,opc,y,normal,normal,b,nhl,y,midbrain,24.0,neg_y
CAACAGTCAACTGGTT-1_SN24,000012,K,0.004576659038901078,874,571,dopaminergic_neuron,f,65,neg,n,n,normal,normal,b,nhl,n,midbrain,9.0,neg_n
TGACCCTCAATCGCCG-1_SNr32,000006,R,0.0023866348448684503,838,402,dopaminergic_neuron,m,46,neg,n,n,normal,normal,u,hl,n,midbrain,16.0,neg_n
AGTAGTCAGGTTTGAA-1_SNr6,000009,U,0.0023132848645075242,3026,1679,dopaminergic_neuron,m,43,neg,opc,n,normal,normal,u,hl,n,midbrain,10.5,neg_y
CATGGTACACTGATTG-1_HIV-10,000013,A,0.0,700,539,dopaminergic_neuron,f,64,neg,op,n,normal,normal,b,nhl,n,midbrain,12.0,neg_y
TTCCACGTCGCCAGTG-1_SNr31,000001,Q,0.0,593,246,dopaminergic_neuron,m,54,neg,opc,y,normal,normal,w,nhl,n,coronal,14.5,neg_y
GGCTTGGAGCATCGAG-1_SNr32,000006,R,0.0032733224222580566,611,171,dopaminergic_neuron,m,46,neg,n,n,normal,normal,u,hl,n,midbrain,16.0,neg_n
GAACGTTCAGGAACCA-1_SNr33,000015,S,0.001799640071985495,1667,530,dopaminergic_neuron,m,63,neg,opc,y,normal,normal,b,nhl,y,midbrain,24.0,neg_y
GTTCCGTCACCGTACG-1_SN26,000015,M,0.00149700598802384,1336,398,dopaminergic_neuron,m,63,neg,opc,y,normal,normal,b,nhl,y,midbrain,24.0,neg_y
TCCTTTCAGTGAACAT-1_HIV-7,000008,C,0.00863930885528971,463,348,dopaminergic_neuron,m,50,neg,opc,y,normal,normal,w,hl,n,midbrain,24.0,neg_y
CGATGCGAGTTGAATG-1_SNr5,000008,T,0.0034129692832758677,586,286,dopaminergic_neuron,m,50,neg,opc,y,normal,normal,w,hl,n,midbrain,24.0,neg_y
ATCCATTTCGATTGAC-1_SNr5,000008,T,0.0,615,415,dopaminergic_neuron,m,50,neg,opc,y,normal,normal,w,hl,n,midbrain,24.0,neg_y
AACGTCATCGGTCGGT-1_SNr33,000015,S,0.0011494252873561898,870,361,dopaminergic_neuron,m,63,neg,opc,y,normal,normal,b,nhl,y,midbrain,24.0,neg_y
CTGTAGAGTGCAGGAT-1_SNr31,000001,Q,0.0,1096,575,dopaminergic_neuron,m,54,neg,opc,y,normal,normal,w,nhl,n,coronal,14.5,neg_y
TCATTACGTCTTGCTC-1_SNr32,000006,R,0.010712217718586835,3454,1505,dopaminergic_neuron,m,46,neg,n,n,normal,normal,u,hl,n,midbrain,16.0,neg_n
GCTACAATCGCTGATA-1_SNr31,000001,Q,0.0,333,272,dopaminergic_neuron,m,54,neg,opc,y,normal,normal,w,nhl,n,coronal,14.5,neg_y
GTGAGGATCGAAGAAT-1_SN18,000004,G,0.008982035928142815,1002,709,dopaminergic_neuron,m,38,neg,n,n,normal,normal,b,nhl,n,coronal,36.0,neg_n
CTACTATGTGAGATCG-1_SNr33,000015,S,0.0035273368606699865,1701,518,dopaminergic_neuron,m,63,neg,opc,y,normal,normal,b,nhl,y,midbrain,24.0,neg_y
TTCTAGTCACTGCGAC-1_SNr33,000015,S,0.0,2212,195,dopaminergic_neuron,m,63,neg,opc,y,normal,normal,b,nhl,y,midbrain,24.0,neg_y
AGCGCTGTCTGGGATT-1_SN25,000014,L,0.007992477668076727,2127,1216,dopaminergic_neuron,f,42,neg,n,y,normal,normal,u,nhl,n,midbrain,20.0,neg_n
GCGTGCATCGCTCATC-1_SNr31,000001,Q,0.0106382978723402,4700,2158,dopaminergic_neuron,m,54,neg,opc,y,normal,normal,w,nhl,n,coronal,14.5,neg_y
TCTTAGTAGTGCACCC-1_SNr33,000015,S,0.0005875440658049009,1702,517,dopaminergic_neuron,m,63,neg,opc,y,normal,normal,b,nhl,y,midbrain,24.0,neg_y
GTTACGAAGAGGTTAT-1_HIV-9,000010,E,0.0,873,668,dopaminergic_neuron,f,59,neg,opc,y,normal,normal,u,hl,n,midbrain,5.0,neg_y
GCCATGGAGACAACAT-1_SNr32,000006,R,0.0038759689922473104,516,193,dopaminergic_neuron,m,46,neg,n,n,normal,normal,u,hl,n,midbrain,16.0,neg_n
AGAACAAGTCAAGTTC-1_SNr33,000015,S,0.0,1409,516,dopaminergic_neuron,m,63,neg,opc,y,normal,normal,b,nhl,y,midbrain,24.0,neg_y
GTAGATCTCCGAAGGA-1_SNr32,000006,R,0.004615384615383905,650,381,dopaminergic_neuron,m,46,neg,n,n,normal,normal,u,hl,n,midbrain,16.0,neg_n
GACCGTGAGACTTCAC-1_SN26,000015,M,0.001412429378530874,708,244,dopaminergic_neuron,m,63,neg,opc,y,normal,normal,b,nhl,y,midbrain,24.0,neg_y
AGCTCAATCAGACCGC-1_SNr32,000006,R,0.001838235294117309,544,245,dopaminergic_neuron,m,46,neg,n,n,normal,normal,u,hl,n,midbrain,16.0,neg_n
GCAGTTAGTACAAACA-1_SNr5,000008,T,0.0,428,155,dopaminergic_neuron,m,50,neg,opc,y,normal,normal,w,hl,n,midbrain,24.0,neg_y
AATGGCTGTACAAACA-1_SNr31,000001,Q,0.0022421524663674614,892,636,dopaminergic_neuron,m,54,neg,opc,y,normal,normal,w,nhl,n,coronal,14.5,neg_y
TCCTTTCTCTATTCGT-1_SNr1,000002,N,0.0008090614886730737,1236,449,dopaminergic_neuron,m,53,neg,n,y,normal,normal,w,nhl,n,midbrain,11.5,neg_n
ACACTGATCAGCTTCC-1_SNr33,000016,S,0.0,915,405,dopaminergic_neuron,m,34,neg,opc,y,normal,normal,w,nhl,y,midbrain,24.5,neg_y
TCACACCGTCAACCTA-1_HIV-9,000010,E,0.0,1090,355,dopaminergic_neuron,f,59,neg,opc,y,normal,normal,u,hl,n,midbrain,5.0,neg_y
ACTATTCAGCATTGAA-1_SN25,000014,L,0.0,585,265,dopaminergic_neuron,f,42,neg,n,y,normal,normal,u,nhl,n,midbrain,20.0,neg_n
ATCCCTGGTTATCCAG-1_SNr33,000015,S,0.0007142857142856888,2800,585,dopaminergic_neuron,m,63,neg,opc,y,normal,normal,b,nhl,y,midbrain,24.0,neg_y
AAGACTCGTGTCCACG-1_SNr3,000003,P,0.0057179161372296235,1574,969,dopaminergic_neuron,m,58,neg,c,y,normal,normal,u,hl,n,coronal,13.5,neg_y
GTAGCTAGTGGCGTAA-1_SN25,000014,L,0.0015165876777250898,5275,2457,dopaminergic_neuron,f,42,neg,n,y,normal,normal,u,nhl,n,midbrain,20.0,neg_n
ACATTTCGTATCGCAT-1_SNr33,000015,S,0.0,957,324,dopaminergic_neuron,m,63,neg,opc,y,normal,normal,b,nhl,y,midbrain,24.0,neg_y
TCACGGGGTCTTGAAC-1_SNr33,000015,S,0.006655574043260677,1202,711,dopaminergic_neuron,m,63,neg,opc,y,normal,normal,b,nhl,y,midbrain,24.0,neg_y
AGGTCATCAGGCTCTG-1_SNr33,000015,S,0.0006105006105005732,1638,531,dopaminergic_neuron,m,63,neg,opc,y,normal,normal,b,nhl,y,midbrain,24.0,neg_y
CATTCTAAGACCGTTT-1_SNr3,000003,P,0.0,1192,571,dopaminergic_neuron,m,58,neg,c,y,normal,normal,u,hl,n,coronal,13.5,neg_y
TGCGGCAGTGGACTAG-1_SNr33,000015,S,0.003903477643718811,2818,844,dopaminergic_neuron,m,63,neg,opc,y,normal,normal,b,nhl,y,midbrain,24.0,neg_y
GTCAGCGAGCCTGCCA-1_SNr31,000001,Q,0.0014005602240895376,1428,734,dopaminergic_neuron,m,54,neg,opc,y,normal,normal,w,nhl,n,coronal,14.5,neg_y
CCGTGAGAGCGACATG-1_SNr5,000008,T,0.001670688695006466,5387,2210,dopaminergic_neuron,m,50,neg,opc,y,normal,normal,w,hl,n,midbrain,24.0,neg_y
TGACTCCTCATTGGTG-1_SNr32,000006,R,0.0,872,328,dopaminergic_neuron,m,46,neg,n,n,normal,normal,u,hl,n,midbrain,16.0,neg_n
TTGCCTGCACATTACG-1_SN20,000007,I,0.009845288326299599,711,502,dopaminergic_neuron,m,21,neg,n,n,normal,normal,w,hl,n,midbrain,18.5,neg_n
AAGCATCAGACCAACG-1_SNr3,000003,P,0.0,624,477,dopaminergic_neuron,m,58,neg,c,y,normal,normal,u,hl,n,coronal,13.5,neg_y
CTCCACAGTCTCGCGA-1_SNr33,000015,S,0.0,1434,550,dopaminergic_neuron,m,63,neg,opc,y,normal,normal,b,nhl,y,midbrain,24.0,neg_y
CACTGAATCGCGAAGA-1_SN19,000006,H,0.0,980,553,dopaminergic_neuron,m,46,neg,n,n,normal,normal,u,hl,n,midbrain,16.0,neg_n
ATTGTTCGTAGGTCAG-1_SNr31,000001,Q,0.0029069767441856236,688,480,dopaminergic_neuron,m,54,neg,opc,y,normal,normal,w,nhl,n,coronal,14.5,neg_y
CTGAATGAGGCTCTAT-1_HIV-6,000003,B,0.0024019215372295915,1249,544,dopaminergic_neuron,m,58,neg,c,y,normal,normal,u,hl,n,coronal,13.5,neg_y
CTTACCGCAGACGCTC-1_SNr33,000015,S,0.0004992511233150026,2003,490,dopaminergic_neuron,m,63,neg,opc,y,normal,normal,b,nhl,y,midbrain,24.0,neg_y
GCACGGTCATTGAAAG-1_SNr15,000011,O,0.009063444108758591,331,275,dopaminergic_neuron,m,45,neg,n,n,normal,normal,w,hl,n,midbrain,14.5,neg_n
GTCGAATAGACGGATC-1_SNr31,000001,Q,0.0,1718,987,dopaminergic_neuron,m,54,neg,opc,y,normal,normal,w,nhl,n,coronal,14.5,neg_y
CATCGGGCAACTGGTT-1_SNr3,000003,P,0.005988023952095091,835,625,dopaminergic_neuron,m,58,neg,c,y,normal,normal,u,hl,n,coronal,13.5,neg_y
ATTGGGTAGATAACGT-1_HIV-6,000003,B,0.0,595,434,dopaminergic_neuron,m,58,neg,c,y,normal,normal,u,hl,n,coronal,13.5,neg_y
CAGATACGTCTGTAGT-1_SNr33,000015,S,0.0016886187098952485,2961,1103,dopaminergic_neuron,m,63,neg,opc,y,normal,normal,b,nhl,y,midbrain,24.0,neg_y
GTTTACTCATCTCAAG-1_SNr33,000016,S,0.0035587188612096476,1124,416,dopaminergic_neuron,m,34,neg,opc,y,normal,normal,w,nhl,y,midbrain,24.5,neg_y
ATGAGGGAGTATGCAA-1_HIV-9,000010,E,0.0,442,331,dopaminergic_neuron,f,59,neg,opc,y,normal,normal,u,hl,n,midbrain,5.0,neg_y
CTACCTGAGAAGCTGC-1_SNr32,000006,R,0.0,1242,389,dopaminergic_neuron,m,46,neg,n,n,normal,normal,u,hl,n,midbrain,16.0,neg_n
ACTATTCCAGAATCGG-1_SNr31,000001,Q,0.0010593220338981928,944,624,dopaminergic_neuron,m,54,neg,opc,y,normal,normal,w,nhl,n,coronal,14.5,neg_y
CGCAGGTAGGAAGTCC-1_SNr33,000015,S,0.010167029774872173,1377,781,dopaminergic_neuron,m,63,neg,opc,y,normal,normal,b,nhl,y,midbrain,24.0,neg_y
CTGGCAGCAAGATGTA-1_SN25,000014,L,0.010033444816051833,598,374,dopaminergic_neuron,f,42,neg,n,y,normal,normal,u,nhl,n,midbrain,20.0,neg_n
GGAGCAAGTGATTGGG-1_SNr5,000008,T,0.004366812227072329,229,196,dopaminergic_neuron,m,50,neg,opc,y,normal,normal,w,hl,n,midbrain,24.0,neg_y
AAGAACATCTGCATAG-1_SN25,000014,L,0.0012619888944976965,3962,2067,dopaminergic_neuron,f,42,neg,n,y,normal,normal,u,nhl,n,midbrain,20.0,neg_n
GGGTGTCTCGGTCACG-1_SNr31,000001,Q,0.006245120999218872,1281,852,dopaminergic_neuron,m,54,neg,opc,y,normal,normal,w,nhl,n,coronal,14.5,neg_y
GTCCTCAAGAATCTAG-1_SNr5,000008,T,0.0,444,201,dopaminergic_neuron,m,50,neg,opc,y,normal,normal,w,hl,n,midbrain,24.0,neg_y
CCTCCAAGTTACCCTC-1_SNr33,000015,S,0.0,668,216,dopaminergic_neuron,m,63,neg,opc,y,normal,normal,b,nhl,y,midbrain,24.0,neg_y
GCGTTTCAGATTGTGA-1_SNr33,000016,S,0.0015337423312882258,1304,787,dopaminergic_neuron,m,34,neg,opc,y,normal,normal,w,nhl,y,midbrain,24.5,neg_y
CTCAAGAAGCATACTC-1_SN22,000005,J,0.01259445843828636,1588,1117,dopaminergic_neuron,f,30,neg,n,n,normal,normal,u,hl,n,midbrain,24.0,neg_n
ATAGAGACAAGAAATC-1_SN25,000014,L,0.0,569,298,dopaminergic_neuron,f,42,neg,n,y,normal,normal,u,nhl,n,midbrain,20.0,neg_n
AATCACGAGTGCACCC-1_SNr5,000008,T,0.011806375442737684,847,621,dopaminergic_neuron,m,50,neg,opc,y,normal,normal,w,hl,n,midbrain,24.0,neg_y
CTTCCGATCCGAACGC-1_SNr33,000015,S,0.0034916201117315996,1432,455,dopaminergic_neuron,m,63,neg,opc,y,normal,normal,b,nhl,y,midbrain,24.0,neg_y
GTTGTAGAGAACCCGA-1_SNr32,000006,R,0.0011534025374854494,867,322,dopaminergic_neuron,m,46,neg,n,n,normal,normal,u,hl,n,midbrain,16.0,neg_n
CGATCGGCAGCTACTA-1_SNr32,000006,R,0.0,680,203,dopaminergic_neuron,m,46,neg,n,n,normal,normal,u,hl,n,midbrain,16.0,neg_n
TACAACGGTGAGGAAA-1_SNr33,000015,S,0.008381120423466767,2267,752,dopaminergic_neuron,m,63,neg,opc,y,normal,normal,b,nhl,y,midbrain,24.0,neg_y
AAACGCTCATCATTGG-1_SNr31,000001,Q,0.008306709265175188,1565,973,dopaminergic_neuron,m,54,neg,opc,y,normal,normal,w,nhl,n,coronal,14.5,neg_y
